{
    "$schema": "https://schema.management.azure.com/schemas/2015-01-01/deploymentParameters.json#",
    "contentVersion": "1.0.0.0",
    "parameters": {
        "sites_cinema_bot_App_name": {
            "value": null
        },
        "serverfarms_cinema_bot_Serviceplan_name": {
            "value": null
        },
        "botServices_cinema_bot_Azurebot_name": {
            "value": null
        },
        "accounts_cinema_bot_1203_name": {
            "value": null
        },
        "accounts_cinemabot1203_Authoring_name": {
            "value": null
        },
        "actionGroups_Application_Insights_Smart_Detection_name": {
            "value": null
        },
        "userAssignedIdentities_cinema_bot_identity_name": {
            "value": null
        },
        "smartdetectoralertrules_failure_anomalies___cinema_bot_webapp1203_name": {
            "value": null
        },
        "components_cinema_bot_webapp1203_externalid": {
            "value": null
        }
    }
}