{
    "$schema": "https://schema.management.azure.com/schemas/2019-04-01/deploymentTemplate.json#",
    "contentVersion": "1.0.0.0",
    "parameters": {
        "sites_cinema_bot_App_name": {
            "defaultValue": "cinema-bot-App",
            "type": "String"
        },
        "serverfarms_cinema_bot_Serviceplan_name": {
            "defaultValue": "cinema-bot-Serviceplan",
            "type": "String"
        },
        "botServices_cinema_bot_Azurebot_name": {
            "defaultValue": "cinema-bot-Azurebot",
            "type": "String"
        },
        "accounts_cinema_bot_1203_name": {
            "defaultValue": "cinema-bot-1203",
            "type": "String"
        },
        "accounts_cinemabot1203_Authoring_name": {
            "defaultValue": "cinemabot1203-Authoring",
            "type": "String"
        },
        "actionGroups_Application_Insights_Smart_Detection_name": {
            "defaultValue": "Application Insights Smart Detection",
            "type": "String"
        },
        "userAssignedIdentities_cinema_bot_identity_name": {
            "defaultValue": "cinema-bot-identity",
            "type": "String"
        },
        "smartdetectoralertrules_failure_anomalies___cinema_bot_webapp1203_name": {
            "defaultValue": "failure anomalies - cinema-bot-webapp1203",
            "type": "String"
        },
        "components_cinema_bot_webapp1203_externalid": {
            "defaultValue": "/subscriptions/4fb25d2d-5e4d-4e2f-bac7-f334fa477b54/resourceGroups/cinema-bot-group/providers/microsoft.insights/components/cinema-bot-webapp1203",
            "type": "String"
        }
    },
    "variables": {},
    "resources": [
        {
            "type": "Microsoft.CognitiveServices/accounts",
            "apiVersion": "2022-03-01",
            "name": "[parameters('accounts_cinema_bot_1203_name')]",
            "location": "westus",
            "tags": {
                "Project ": "Cinema",
                "Recurso": "LUIS",
                "Tipo": "Bot"
            },
            "sku": {
                "name": "S0"
            },
            "kind": "LUIS",
            "properties": {
                "customSubDomainName": "[parameters('accounts_cinema_bot_1203_name')]",
                "networkAcls": {
                    "defaultAction": "Allow",
                    "virtualNetworkRules": [],
                    "ipRules": []
                },
                "publicNetworkAccess": "Enabled"
            }
        },
        {
            "type": "Microsoft.CognitiveServices/accounts",
            "apiVersion": "2022-03-01",
            "name": "[parameters('accounts_cinemabot1203_Authoring_name')]",
            "location": "westus",
            "tags": {
                "Project ": "Cinema",
                "Recurso": "LUIS",
                "Tipo": "Bot"
            },
            "sku": {
                "name": "F0"
            },
            "kind": "LUIS.Authoring",
            "properties": {
                "customSubDomainName": "cinemabot1203-authoring",
                "networkAcls": {
                    "defaultAction": "Allow",
                    "virtualNetworkRules": [],
                    "ipRules": []
                },
                "publicNetworkAccess": "Enabled"
            }
        },
        {
            "type": "microsoft.insights/actionGroups",
            "apiVersion": "2022-06-01",
            "name": "[parameters('actionGroups_Application_Insights_Smart_Detection_name')]",
            "location": "Global",
            "properties": {
                "groupShortName": "SmartDetect",
                "enabled": true,
                "emailReceivers": [],
                "smsReceivers": [],
                "webhookReceivers": [],
                "eventHubReceivers": [],
                "itsmReceivers": [],
                "azureAppPushReceivers": [],
                "automationRunbookReceivers": [],
                "voiceReceivers": [],
                "logicAppReceivers": [],
                "azureFunctionReceivers": [],
                "armRoleReceivers": [
                    {
                        "name": "Monitoring Contributor",
                        "roleId": "749f88d5-cbae-40b8-bcfc-e573ddc772fa",
                        "useCommonAlertSchema": true
                    },
                    {
                        "name": "Monitoring Reader",
                        "roleId": "43d0d8ad-25c7-4714-9337-8ba259a9fe05",
                        "useCommonAlertSchema": true
                    }
                ]
            }
        },
        {
            "type": "Microsoft.ManagedIdentity/userAssignedIdentities",
            "apiVersion": "2018-11-30",
            "name": "[parameters('userAssignedIdentities_cinema_bot_identity_name')]",
            "location": "eastus"
        },
        {
            "type": "Microsoft.Web/serverfarms",
            "apiVersion": "2021-03-01",
            "name": "[parameters('serverfarms_cinema_bot_Serviceplan_name')]",
            "location": "West US",
            "sku": {
                "name": "S1",
                "tier": "Standard",
                "size": "S1",
                "family": "S",
                "capacity": 1
            },
            "kind": "app",
            "properties": {
                "perSiteScaling": false,
                "elasticScaleEnabled": false,
                "maximumElasticWorkerCount": 1,
                "isSpot": false,
                "reserved": false,
                "isXenon": false,
                "hyperV": false,
                "targetWorkerCount": 0,
                "targetWorkerSizeId": 0,
                "zoneRedundant": false
            }
        },
        {
            "type": "microsoft.alertsmanagement/smartdetectoralertrules",
            "apiVersion": "2021-04-01",
            "name": "[parameters('smartdetectoralertrules_failure_anomalies___cinema_bot_webapp1203_name')]",
            "location": "global",
            "dependsOn": [
                "[resourceId('microsoft.insights/actionGroups', parameters('actionGroups_Application_Insights_Smart_Detection_name'))]"
            ],
            "properties": {
                "description": "Failure Anomalies notifies you of an unusual rise in the rate of failed HTTP requests or dependency calls.",
                "state": "Enabled",
                "severity": "Sev3",
                "frequency": "PT1M",
                "detector": {
                    "id": "FailureAnomaliesDetector"
                },
                "scope": [
                    "[parameters('components_cinema_bot_webapp1203_externalid')]"
                ],
                "actionGroups": {
                    "groupIds": [
                        "[resourceId('microsoft.insights/actionGroups', parameters('actionGroups_Application_Insights_Smart_Detection_name'))]"
                    ]
                }
            }
        },
        {
            "type": "Microsoft.BotService/botServices",
            "apiVersion": "2021-05-01-preview",
            "name": "[parameters('botServices_cinema_bot_Azurebot_name')]",
            "location": "global",
            "dependsOn": [
                "[resourceId('Microsoft.ManagedIdentity/userAssignedIdentities', parameters('userAssignedIdentities_cinema_bot_identity_name'))]"
            ],
            "sku": {
                "name": "S1"
            },
            "kind": "azurebot",
            "properties": {
                "displayName": "[parameters('botServices_cinema_bot_Azurebot_name')]",
                "iconUrl": "https://docs.botframework.com/static/devportal/client/images/bot-framework-default.png",
                "endpoint": "https://cinema-bot-App.azurewebsites.net/api/messages",
                "msaAppId": "d9f32b15-16a3-4298-a7c5-2fa8acc711f6",
                "msaAppTenantId": "4ae54b05-b77e-4224-aef1-8661422e0816",
                "msaAppType": "UserAssignedMSI",
                "msaAppMSIResourceId": "[resourceId('Microsoft.ManagedIdentity/userAssignedIdentities', parameters('userAssignedIdentities_cinema_bot_identity_name'))]",
                "luisAppIds": [],
                "isStreamingSupported": false,
                "schemaTransformationVersion": "1.3",
                "isCmekEnabled": false,
                "disableLocalAuth": false
            }
        },
        {
            "type": "Microsoft.BotService/botServices/channels",
            "apiVersion": "2021-05-01-preview",
            "name": "[concat(parameters('botServices_cinema_bot_Azurebot_name'), '/WebChatChannel')]",
            "location": "global",
            "dependsOn": [
                "[resourceId('Microsoft.BotService/botServices', parameters('botServices_cinema_bot_Azurebot_name'))]"
            ],
            "properties": {
                "properties": {
                    "sites": [
                        {
                            "siteName": "Default Site",
                            "isEnabled": true,
                            "isWebchatPreviewEnabled": true
                        }
                    ]
                },
                "etag": "W/\"c8ec7d40b62da008ad5d60b53c1bc46e06/07/2022 22:56:31\"",
                "channelName": "WebChatChannel",
                "location": "global"
            }
        },
        {
            "type": "Microsoft.Web/sites",
            "apiVersion": "2021-03-01",
            "name": "[parameters('sites_cinema_bot_App_name')]",
            "location": "West US",
            "dependsOn": [
                "[resourceId('Microsoft.Web/serverfarms', parameters('serverfarms_cinema_bot_Serviceplan_name'))]"
            ],
            "kind": "app",
            "identity": {
                "type": "UserAssigned",
                "userAssignedIdentities": {
                    "/subscriptions/4fb25d2d-5e4d-4e2f-bac7-f334fa477b54/resourcegroups/cinema-bot-group/providers/Microsoft.ManagedIdentity/userAssignedIdentities/cinema-bot-identity": {}
                }
            },
            "properties": {
                "enabled": true,
                "hostNameSslStates": [
                    {
                        "name": "cinema-bot-app.azurewebsites.net",
                        "sslState": "Disabled",
                        "hostType": "Standard"
                    },
                    {
                        "name": "cinema-bot-app.scm.azurewebsites.net",
                        "sslState": "Disabled",
                        "hostType": "Repository"
                    }
                ],
                "serverFarmId": "[resourceId('Microsoft.Web/serverfarms', parameters('serverfarms_cinema_bot_Serviceplan_name'))]",
                "reserved": false,
                "isXenon": false,
                "hyperV": false,
                "siteConfig": {
                    "numberOfWorkers": 1,
                    "acrUseManagedIdentityCreds": false,
                    "alwaysOn": false,
                    "http20Enabled": false,
                    "functionAppScaleLimit": 0,
                    "minimumElasticInstanceCount": 0
                },
                "scmSiteAlsoStopped": false,
                "clientAffinityEnabled": true,
                "clientCertEnabled": false,
                "clientCertMode": "Required",
                "hostNamesDisabled": false,
                "customDomainVerificationId": "0710558E52B5154306AA64244B2E2E3CED2D9CEDDC399D452769A1A2625F15B6",
                "containerSize": 0,
                "dailyMemoryTimeQuota": 0,
                "httpsOnly": false,
                "redundancyMode": "None",
                "storageAccountRequired": false,
                "keyVaultReferenceIdentity": "SystemAssigned"
            }
        },
        {
            "type": "Microsoft.Web/sites/basicPublishingCredentialsPolicies",
            "apiVersion": "2021-03-01",
            "name": "[concat(parameters('sites_cinema_bot_App_name'), '/ftp')]",
            "location": "West US",
            "dependsOn": [
                "[resourceId('Microsoft.Web/sites', parameters('sites_cinema_bot_App_name'))]"
            ],
            "properties": {
                "allow": true
            }
        },
        {
            "type": "Microsoft.Web/sites/basicPublishingCredentialsPolicies",
            "apiVersion": "2021-03-01",
            "name": "[concat(parameters('sites_cinema_bot_App_name'), '/scm')]",
            "location": "West US",
            "dependsOn": [
                "[resourceId('Microsoft.Web/sites', parameters('sites_cinema_bot_App_name'))]"
            ],
            "properties": {
                "allow": true
            }
        },
        {
            "type": "Microsoft.Web/sites/config",
            "apiVersion": "2021-03-01",
            "name": "[concat(parameters('sites_cinema_bot_App_name'), '/web')]",
            "location": "West US",
            "dependsOn": [
                "[resourceId('Microsoft.Web/sites', parameters('sites_cinema_bot_App_name'))]"
            ],
            "properties": {
                "numberOfWorkers": 1,
                "defaultDocuments": [
                    "Default.htm",
                    "Default.html",
                    "Default.asp",
                    "index.htm",
                    "index.html",
                    "iisstart.htm",
                    "default.aspx",
                    "index.php",
                    "hostingstart.html"
                ],
                "netFrameworkVersion": "v4.0",
                "phpVersion": "5.6",
                "requestTracingEnabled": false,
                "remoteDebuggingEnabled": false,
                "httpLoggingEnabled": true,
                "acrUseManagedIdentityCreds": false,
                "logsDirectorySizeLimit": 100,
                "detailedErrorLoggingEnabled": false,
                "publishingUsername": "$cinema-bot-App",
                "scmType": "None",
                "use32BitWorkerProcess": true,
                "webSocketsEnabled": true,
                "alwaysOn": false,
                "managedPipelineMode": "Integrated",
                "virtualApplications": [
                    {
                        "virtualPath": "/",
                        "physicalPath": "site\\wwwroot",
                        "preloadEnabled": false
                    }
                ],
                "loadBalancing": "LeastRequests",
                "experiments": {
                    "rampUpRules": []
                },
                "autoHealEnabled": false,
                "vnetRouteAllEnabled": false,
                "vnetPrivatePortsCount": 0,
                "cors": {
                    "allowedOrigins": [
                        "https://botservice.hosting.portal.azure.net",
                        "https://hosting.onecloud.azure-test.net/"
                    ],
                    "supportCredentials": false
                },
                "localMySqlEnabled": false,
                "xManagedServiceIdentityId": 24561,
                "ipSecurityRestrictions": [
                    {
                        "ipAddress": "Any",
                        "action": "Allow",
                        "priority": 1,
                        "name": "Allow all",
                        "description": "Allow all access"
                    }
                ],
                "scmIpSecurityRestrictions": [
                    {
                        "ipAddress": "Any",
                        "action": "Allow",
                        "priority": 1,
                        "name": "Allow all",
                        "description": "Allow all access"
                    }
                ],
                "scmIpSecurityRestrictionsUseMain": false,
                "http20Enabled": false,
                "minTlsVersion": "1.2",
                "scmMinTlsVersion": "1.2",
                "ftpsState": "AllAllowed",
                "preWarmedInstanceCount": 0,
                "functionAppScaleLimit": 0,
                "functionsRuntimeScaleMonitoringEnabled": false,
                "minimumElasticInstanceCount": 0,
                "azureStorageAccounts": {}
            }
        },
        {
            "type": "Microsoft.Web/sites/deployments",
            "apiVersion": "2021-03-01",
            "name": "[concat(parameters('sites_cinema_bot_App_name'), '/ba5fd98cb5f642cab5f31632db3c2bbb')]",
            "location": "West US",
            "dependsOn": [
                "[resourceId('Microsoft.Web/sites', parameters('sites_cinema_bot_App_name'))]"
            ],
            "properties": {
                "status": 3,
                "author_email": "N/A",
                "author": "N/A",
                "deployer": "ZipDeploy",
                "message": "Created via a push deployment",
                "start_time": "2022-06-10T02:32:41.5171212Z",
                "end_time": "2022-06-10T02:32:44.9702132Z",
                "active": false
            }
        },
        {
            "type": "Microsoft.Web/sites/hostNameBindings",
            "apiVersion": "2021-03-01",
            "name": "[concat(parameters('sites_cinema_bot_App_name'), '/', parameters('sites_cinema_bot_App_name'), '.azurewebsites.net')]",
            "location": "West US",
            "dependsOn": [
                "[resourceId('Microsoft.Web/sites', parameters('sites_cinema_bot_App_name'))]"
            ],
            "properties": {
                "siteName": "cinema-bot-App",
                "hostNameType": "Verified"
            }
        },
        {
            "type": "Microsoft.Web/sites/siteextensions",
            "apiVersion": "2021-03-01",
            "name": "[concat(parameters('sites_cinema_bot_App_name'), '/Microsoft.AspNetCore.AzureAppServices.SiteExtension')]",
            "location": "West US",
            "dependsOn": [
                "[resourceId('Microsoft.Web/sites', parameters('sites_cinema_bot_App_name'))]"
            ]
        },
        {
            "type": "Microsoft.Web/sites/snapshots",
            "apiVersion": "2015-08-01",
            "name": "[concat(parameters('sites_cinema_bot_App_name'), '/2022-06-10T10_17_01_2520981')]",
            "dependsOn": [
                "[resourceId('Microsoft.Web/sites', parameters('sites_cinema_bot_App_name'))]"
            ]
        },
        {
            "type": "Microsoft.Web/sites/snapshots",
            "apiVersion": "2015-08-01",
            "name": "[concat(parameters('sites_cinema_bot_App_name'), '/2022-06-11T01_17_01_4936920')]",
            "dependsOn": [
                "[resourceId('Microsoft.Web/sites', parameters('sites_cinema_bot_App_name'))]"
            ]
        },
        {
            "type": "Microsoft.Web/sites/snapshots",
            "apiVersion": "2015-08-01",
            "name": "[concat(parameters('sites_cinema_bot_App_name'), '/2022-06-11T10_17_01_7328888')]",
            "dependsOn": [
                "[resourceId('Microsoft.Web/sites', parameters('sites_cinema_bot_App_name'))]"
            ]
        },
        {
            "type": "Microsoft.Web/sites/snapshots",
            "apiVersion": "2015-08-01",
            "name": "[concat(parameters('sites_cinema_bot_App_name'), '/2022-06-12T01_17_02_0547514')]",
            "dependsOn": [
                "[resourceId('Microsoft.Web/sites', parameters('sites_cinema_bot_App_name'))]"
            ]
        },
        {
            "type": "Microsoft.Web/sites/snapshots",
            "apiVersion": "2015-08-01",
            "name": "[concat(parameters('sites_cinema_bot_App_name'), '/2022-06-12T10_17_02_2852560')]",
            "dependsOn": [
                "[resourceId('Microsoft.Web/sites', parameters('sites_cinema_bot_App_name'))]"
            ]
        },
        {
            "type": "Microsoft.Web/sites/snapshots",
            "apiVersion": "2015-08-01",
            "name": "[concat(parameters('sites_cinema_bot_App_name'), '/2022-06-13T01_17_02_6816759')]",
            "dependsOn": [
                "[resourceId('Microsoft.Web/sites', parameters('sites_cinema_bot_App_name'))]"
            ]
        },
        {
            "type": "Microsoft.Web/sites/snapshots",
            "apiVersion": "2015-08-01",
            "name": "[concat(parameters('sites_cinema_bot_App_name'), '/2022-06-13T10_17_02_8915349')]",
            "dependsOn": [
                "[resourceId('Microsoft.Web/sites', parameters('sites_cinema_bot_App_name'))]"
            ]
        },
        {
            "type": "Microsoft.Web/sites/snapshots",
            "apiVersion": "2015-08-01",
            "name": "[concat(parameters('sites_cinema_bot_App_name'), '/2022-06-14T01_17_03_2141039')]",
            "dependsOn": [
                "[resourceId('Microsoft.Web/sites', parameters('sites_cinema_bot_App_name'))]"
            ]
        },
        {
            "type": "Microsoft.Web/sites/snapshots",
            "apiVersion": "2015-08-01",
            "name": "[concat(parameters('sites_cinema_bot_App_name'), '/2022-06-14T10_17_03_4435851')]",
            "dependsOn": [
                "[resourceId('Microsoft.Web/sites', parameters('sites_cinema_bot_App_name'))]"
            ]
        },
        {
            "type": "Microsoft.Web/sites/snapshots",
            "apiVersion": "2015-08-01",
            "name": "[concat(parameters('sites_cinema_bot_App_name'), '/2022-06-15T01_17_03_7567520')]",
            "dependsOn": [
                "[resourceId('Microsoft.Web/sites', parameters('sites_cinema_bot_App_name'))]"
            ]
        },
        {
            "type": "Microsoft.Web/sites/snapshots",
            "apiVersion": "2015-08-01",
            "name": "[concat(parameters('sites_cinema_bot_App_name'), '/2022-06-15T10_17_03_9938163')]",
            "dependsOn": [
                "[resourceId('Microsoft.Web/sites', parameters('sites_cinema_bot_App_name'))]"
            ]
        },
        {
            "type": "Microsoft.Web/sites/snapshots",
            "apiVersion": "2015-08-01",
            "name": "[concat(parameters('sites_cinema_bot_App_name'), '/2022-06-16T01_17_04_3568706')]",
            "dependsOn": [
                "[resourceId('Microsoft.Web/sites', parameters('sites_cinema_bot_App_name'))]"
            ]
        },
        {
            "type": "Microsoft.Web/sites/snapshots",
            "apiVersion": "2015-08-01",
            "name": "[concat(parameters('sites_cinema_bot_App_name'), '/2022-06-16T10_17_04_5808404')]",
            "dependsOn": [
                "[resourceId('Microsoft.Web/sites', parameters('sites_cinema_bot_App_name'))]"
            ]
        },
        {
            "type": "Microsoft.Web/sites/snapshots",
            "apiVersion": "2015-08-01",
            "name": "[concat(parameters('sites_cinema_bot_App_name'), '/2022-06-17T01_17_05_7797097')]",
            "dependsOn": [
                "[resourceId('Microsoft.Web/sites', parameters('sites_cinema_bot_App_name'))]"
            ]
        },
        {
            "type": "Microsoft.Web/sites/snapshots",
            "apiVersion": "2015-08-01",
            "name": "[concat(parameters('sites_cinema_bot_App_name'), '/2022-06-17T10_17_05_9822275')]",
            "dependsOn": [
                "[resourceId('Microsoft.Web/sites', parameters('sites_cinema_bot_App_name'))]"
            ]
        },
        {
            "type": "Microsoft.Web/sites/snapshots",
            "apiVersion": "2015-08-01",
            "name": "[concat(parameters('sites_cinema_bot_App_name'), '/2022-06-18T01_17_07_1293089')]",
            "dependsOn": [
                "[resourceId('Microsoft.Web/sites', parameters('sites_cinema_bot_App_name'))]"
            ]
        },
        {
            "type": "Microsoft.Web/sites/snapshots",
            "apiVersion": "2015-08-01",
            "name": "[concat(parameters('sites_cinema_bot_App_name'), '/2022-06-18T10_17_07_3616565')]",
            "dependsOn": [
                "[resourceId('Microsoft.Web/sites', parameters('sites_cinema_bot_App_name'))]"
            ]
        },
        {
            "type": "Microsoft.Web/sites/snapshots",
            "apiVersion": "2015-08-01",
            "name": "[concat(parameters('sites_cinema_bot_App_name'), '/2022-06-19T01_17_07_6638879')]",
            "dependsOn": [
                "[resourceId('Microsoft.Web/sites', parameters('sites_cinema_bot_App_name'))]"
            ]
        },
        {
            "type": "Microsoft.Web/sites/snapshots",
            "apiVersion": "2015-08-01",
            "name": "[concat(parameters('sites_cinema_bot_App_name'), '/2022-06-19T10_17_07_8407908')]",
            "dependsOn": [
                "[resourceId('Microsoft.Web/sites', parameters('sites_cinema_bot_App_name'))]"
            ]
        },
        {
            "type": "Microsoft.Web/sites/snapshots",
            "apiVersion": "2015-08-01",
            "name": "[concat(parameters('sites_cinema_bot_App_name'), '/2022-06-20T01_17_08_1621904')]",
            "dependsOn": [
                "[resourceId('Microsoft.Web/sites', parameters('sites_cinema_bot_App_name'))]"
            ]
        },
        {
            "type": "Microsoft.Web/sites/snapshots",
            "apiVersion": "2015-08-01",
            "name": "[concat(parameters('sites_cinema_bot_App_name'), '/2022-06-20T10_17_08_3785650')]",
            "dependsOn": [
                "[resourceId('Microsoft.Web/sites', parameters('sites_cinema_bot_App_name'))]"
            ]
        },
        {
            "type": "Microsoft.Web/sites/snapshots",
            "apiVersion": "2015-08-01",
            "name": "[concat(parameters('sites_cinema_bot_App_name'), '/2022-06-21T01_17_09_1218369')]",
            "dependsOn": [
                "[resourceId('Microsoft.Web/sites', parameters('sites_cinema_bot_App_name'))]"
            ]
        },
        {
            "type": "Microsoft.Web/sites/snapshots",
            "apiVersion": "2015-08-01",
            "name": "[concat(parameters('sites_cinema_bot_App_name'), '/2022-06-21T10_17_09_2886273')]",
            "dependsOn": [
                "[resourceId('Microsoft.Web/sites', parameters('sites_cinema_bot_App_name'))]"
            ]
        },
        {
            "type": "Microsoft.Web/sites/snapshots",
            "apiVersion": "2015-08-01",
            "name": "[concat(parameters('sites_cinema_bot_App_name'), '/2022-06-22T01_17_10_3573991')]",
            "dependsOn": [
                "[resourceId('Microsoft.Web/sites', parameters('sites_cinema_bot_App_name'))]"
            ]
        },
        {
            "type": "Microsoft.Web/sites/snapshots",
            "apiVersion": "2015-08-01",
            "name": "[concat(parameters('sites_cinema_bot_App_name'), '/2022-06-22T10_17_10_5580465')]",
            "dependsOn": [
                "[resourceId('Microsoft.Web/sites', parameters('sites_cinema_bot_App_name'))]"
            ]
        },
        {
            "type": "Microsoft.Web/sites/snapshots",
            "apiVersion": "2015-08-01",
            "name": "[concat(parameters('sites_cinema_bot_App_name'), '/2022-06-22T22_17_10_8368551')]",
            "dependsOn": [
                "[resourceId('Microsoft.Web/sites', parameters('sites_cinema_bot_App_name'))]"
            ]
        },
        {
            "type": "Microsoft.Web/sites/snapshots",
            "apiVersion": "2015-08-01",
            "name": "[concat(parameters('sites_cinema_bot_App_name'), '/2022-06-23T01_17_10_9048881')]",
            "dependsOn": [
                "[resourceId('Microsoft.Web/sites', parameters('sites_cinema_bot_App_name'))]"
            ]
        },
        {
            "type": "Microsoft.Web/sites/snapshots",
            "apiVersion": "2015-08-01",
            "name": "[concat(parameters('sites_cinema_bot_App_name'), '/2022-06-23T04_17_10_9881003')]",
            "dependsOn": [
                "[resourceId('Microsoft.Web/sites', parameters('sites_cinema_bot_App_name'))]"
            ]
        },
        {
            "type": "Microsoft.Web/sites/snapshots",
            "apiVersion": "2015-08-01",
            "name": "[concat(parameters('sites_cinema_bot_App_name'), '/2022-06-23T07_17_11_0482146')]",
            "dependsOn": [
                "[resourceId('Microsoft.Web/sites', parameters('sites_cinema_bot_App_name'))]"
            ]
        },
        {
            "type": "Microsoft.Web/sites/snapshots",
            "apiVersion": "2015-08-01",
            "name": "[concat(parameters('sites_cinema_bot_App_name'), '/2022-06-23T10_17_11_1115828')]",
            "dependsOn": [
                "[resourceId('Microsoft.Web/sites', parameters('sites_cinema_bot_App_name'))]"
            ]
        },
        {
            "type": "Microsoft.Web/sites/snapshots",
            "apiVersion": "2015-08-01",
            "name": "[concat(parameters('sites_cinema_bot_App_name'), '/2022-06-23T22_17_11_4109624')]",
            "dependsOn": [
                "[resourceId('Microsoft.Web/sites', parameters('sites_cinema_bot_App_name'))]"
            ]
        },
        {
            "type": "Microsoft.Web/sites/snapshots",
            "apiVersion": "2015-08-01",
            "name": "[concat(parameters('sites_cinema_bot_App_name'), '/2022-06-24T01_17_11_4764166')]",
            "dependsOn": [
                "[resourceId('Microsoft.Web/sites', parameters('sites_cinema_bot_App_name'))]"
            ]
        },
        {
            "type": "Microsoft.Web/sites/snapshots",
            "apiVersion": "2015-08-01",
            "name": "[concat(parameters('sites_cinema_bot_App_name'), '/2022-06-24T04_17_11_5541546')]",
            "dependsOn": [
                "[resourceId('Microsoft.Web/sites', parameters('sites_cinema_bot_App_name'))]"
            ]
        },
        {
            "type": "Microsoft.Web/sites/snapshots",
            "apiVersion": "2015-08-01",
            "name": "[concat(parameters('sites_cinema_bot_App_name'), '/2022-06-24T07_17_11_6768526')]",
            "dependsOn": [
                "[resourceId('Microsoft.Web/sites', parameters('sites_cinema_bot_App_name'))]"
            ]
        },
        {
            "type": "Microsoft.Web/sites/snapshots",
            "apiVersion": "2015-08-01",
            "name": "[concat(parameters('sites_cinema_bot_App_name'), '/2022-06-24T10_17_11_7334826')]",
            "dependsOn": [
                "[resourceId('Microsoft.Web/sites', parameters('sites_cinema_bot_App_name'))]"
            ]
        },
        {
            "type": "Microsoft.Web/sites/snapshots",
            "apiVersion": "2015-08-01",
            "name": "[concat(parameters('sites_cinema_bot_App_name'), '/2022-06-24T22_17_11_9876330')]",
            "dependsOn": [
                "[resourceId('Microsoft.Web/sites', parameters('sites_cinema_bot_App_name'))]"
            ]
        },
        {
            "type": "Microsoft.Web/sites/snapshots",
            "apiVersion": "2015-08-01",
            "name": "[concat(parameters('sites_cinema_bot_App_name'), '/2022-06-25T01_17_12_0618424')]",
            "dependsOn": [
                "[resourceId('Microsoft.Web/sites', parameters('sites_cinema_bot_App_name'))]"
            ]
        },
        {
            "type": "Microsoft.Web/sites/snapshots",
            "apiVersion": "2015-08-01",
            "name": "[concat(parameters('sites_cinema_bot_App_name'), '/2022-06-25T04_17_12_1899856')]",
            "dependsOn": [
                "[resourceId('Microsoft.Web/sites', parameters('sites_cinema_bot_App_name'))]"
            ]
        },
        {
            "type": "Microsoft.Web/sites/snapshots",
            "apiVersion": "2015-08-01",
            "name": "[concat(parameters('sites_cinema_bot_App_name'), '/2022-06-25T07_17_12_2072889')]",
            "dependsOn": [
                "[resourceId('Microsoft.Web/sites', parameters('sites_cinema_bot_App_name'))]"
            ]
        },
        {
            "type": "Microsoft.Web/sites/snapshots",
            "apiVersion": "2015-08-01",
            "name": "[concat(parameters('sites_cinema_bot_App_name'), '/2022-06-25T10_17_12_3143043')]",
            "dependsOn": [
                "[resourceId('Microsoft.Web/sites', parameters('sites_cinema_bot_App_name'))]"
            ]
        },
        {
            "type": "Microsoft.Web/sites/snapshots",
            "apiVersion": "2015-08-01",
            "name": "[concat(parameters('sites_cinema_bot_App_name'), '/2022-06-25T22_17_12_5655453')]",
            "dependsOn": [
                "[resourceId('Microsoft.Web/sites', parameters('sites_cinema_bot_App_name'))]"
            ]
        },
        {
            "type": "Microsoft.Web/sites/snapshots",
            "apiVersion": "2015-08-01",
            "name": "[concat(parameters('sites_cinema_bot_App_name'), '/2022-06-26T01_17_12_6191550')]",
            "dependsOn": [
                "[resourceId('Microsoft.Web/sites', parameters('sites_cinema_bot_App_name'))]"
            ]
        },
        {
            "type": "Microsoft.Web/sites/snapshots",
            "apiVersion": "2015-08-01",
            "name": "[concat(parameters('sites_cinema_bot_App_name'), '/2022-06-26T04_17_12_6893391')]",
            "dependsOn": [
                "[resourceId('Microsoft.Web/sites', parameters('sites_cinema_bot_App_name'))]"
            ]
        },
        {
            "type": "Microsoft.Web/sites/snapshots",
            "apiVersion": "2015-08-01",
            "name": "[concat(parameters('sites_cinema_bot_App_name'), '/2022-06-26T07_17_12_7594190')]",
            "dependsOn": [
                "[resourceId('Microsoft.Web/sites', parameters('sites_cinema_bot_App_name'))]"
            ]
        },
        {
            "type": "Microsoft.Web/sites/snapshots",
            "apiVersion": "2015-08-01",
            "name": "[concat(parameters('sites_cinema_bot_App_name'), '/2022-06-26T10_17_12_8186991')]",
            "dependsOn": [
                "[resourceId('Microsoft.Web/sites', parameters('sites_cinema_bot_App_name'))]"
            ]
        },
        {
            "type": "Microsoft.Web/sites/snapshots",
            "apiVersion": "2015-08-01",
            "name": "[concat(parameters('sites_cinema_bot_App_name'), '/2022-06-26T22_17_13_1060211')]",
            "dependsOn": [
                "[resourceId('Microsoft.Web/sites', parameters('sites_cinema_bot_App_name'))]"
            ]
        },
        {
            "type": "Microsoft.Web/sites/snapshots",
            "apiVersion": "2015-08-01",
            "name": "[concat(parameters('sites_cinema_bot_App_name'), '/2022-06-27T01_17_13_1674406')]",
            "dependsOn": [
                "[resourceId('Microsoft.Web/sites', parameters('sites_cinema_bot_App_name'))]"
            ]
        },
        {
            "type": "Microsoft.Web/sites/snapshots",
            "apiVersion": "2015-08-01",
            "name": "[concat(parameters('sites_cinema_bot_App_name'), '/2022-06-27T04_17_13_2304880')]",
            "dependsOn": [
                "[resourceId('Microsoft.Web/sites', parameters('sites_cinema_bot_App_name'))]"
            ]
        },
        {
            "type": "Microsoft.Web/sites/snapshots",
            "apiVersion": "2015-08-01",
            "name": "[concat(parameters('sites_cinema_bot_App_name'), '/2022-06-27T07_17_13_3478483')]",
            "dependsOn": [
                "[resourceId('Microsoft.Web/sites', parameters('sites_cinema_bot_App_name'))]"
            ]
        },
        {
            "type": "Microsoft.Web/sites/snapshots",
            "apiVersion": "2015-08-01",
            "name": "[concat(parameters('sites_cinema_bot_App_name'), '/2022-06-27T10_17_13_3885620')]",
            "dependsOn": [
                "[resourceId('Microsoft.Web/sites', parameters('sites_cinema_bot_App_name'))]"
            ]
        },
        {
            "type": "Microsoft.Web/sites/snapshots",
            "apiVersion": "2015-08-01",
            "name": "[concat(parameters('sites_cinema_bot_App_name'), '/2022-06-27T22_17_13_6555323')]",
            "dependsOn": [
                "[resourceId('Microsoft.Web/sites', parameters('sites_cinema_bot_App_name'))]"
            ]
        },
        {
            "type": "Microsoft.Web/sites/snapshots",
            "apiVersion": "2015-08-01",
            "name": "[concat(parameters('sites_cinema_bot_App_name'), '/2022-06-28T01_17_13_7362623')]",
            "dependsOn": [
                "[resourceId('Microsoft.Web/sites', parameters('sites_cinema_bot_App_name'))]"
            ]
        },
        {
            "type": "Microsoft.Web/sites/snapshots",
            "apiVersion": "2015-08-01",
            "name": "[concat(parameters('sites_cinema_bot_App_name'), '/2022-06-28T04_17_13_7979617')]",
            "dependsOn": [
                "[resourceId('Microsoft.Web/sites', parameters('sites_cinema_bot_App_name'))]"
            ]
        },
        {
            "type": "Microsoft.Web/sites/snapshots",
            "apiVersion": "2015-08-01",
            "name": "[concat(parameters('sites_cinema_bot_App_name'), '/2022-06-28T07_17_14_1038174')]",
            "dependsOn": [
                "[resourceId('Microsoft.Web/sites', parameters('sites_cinema_bot_App_name'))]"
            ]
        },
        {
            "type": "Microsoft.Web/sites/snapshots",
            "apiVersion": "2015-08-01",
            "name": "[concat(parameters('sites_cinema_bot_App_name'), '/2022-06-28T10_17_14_1592617')]",
            "dependsOn": [
                "[resourceId('Microsoft.Web/sites', parameters('sites_cinema_bot_App_name'))]"
            ]
        },
        {
            "type": "Microsoft.Web/sites/snapshots",
            "apiVersion": "2015-08-01",
            "name": "[concat(parameters('sites_cinema_bot_App_name'), '/2022-06-28T22_17_14_4234157')]",
            "dependsOn": [
                "[resourceId('Microsoft.Web/sites', parameters('sites_cinema_bot_App_name'))]"
            ]
        },
        {
            "type": "Microsoft.Web/sites/snapshots",
            "apiVersion": "2015-08-01",
            "name": "[concat(parameters('sites_cinema_bot_App_name'), '/2022-06-29T01_17_14_4910932')]",
            "dependsOn": [
                "[resourceId('Microsoft.Web/sites', parameters('sites_cinema_bot_App_name'))]"
            ]
        },
        {
            "type": "Microsoft.Web/sites/snapshots",
            "apiVersion": "2015-08-01",
            "name": "[concat(parameters('sites_cinema_bot_App_name'), '/2022-06-29T04_17_14_5650510')]",
            "dependsOn": [
                "[resourceId('Microsoft.Web/sites', parameters('sites_cinema_bot_App_name'))]"
            ]
        },
        {
            "type": "Microsoft.Web/sites/snapshots",
            "apiVersion": "2015-08-01",
            "name": "[concat(parameters('sites_cinema_bot_App_name'), '/2022-06-29T07_17_14_6382159')]",
            "dependsOn": [
                "[resourceId('Microsoft.Web/sites', parameters('sites_cinema_bot_App_name'))]"
            ]
        },
        {
            "type": "Microsoft.Web/sites/snapshots",
            "apiVersion": "2015-08-01",
            "name": "[concat(parameters('sites_cinema_bot_App_name'), '/2022-06-29T10_17_14_8413852')]",
            "dependsOn": [
                "[resourceId('Microsoft.Web/sites', parameters('sites_cinema_bot_App_name'))]"
            ]
        },
        {
            "type": "Microsoft.Web/sites/snapshots",
            "apiVersion": "2015-08-01",
            "name": "[concat(parameters('sites_cinema_bot_App_name'), '/2022-06-29T22_17_15_0133160')]",
            "dependsOn": [
                "[resourceId('Microsoft.Web/sites', parameters('sites_cinema_bot_App_name'))]"
            ]
        },
        {
            "type": "Microsoft.Web/sites/snapshots",
            "apiVersion": "2015-08-01",
            "name": "[concat(parameters('sites_cinema_bot_App_name'), '/2022-06-30T01_17_15_0810589')]",
            "dependsOn": [
                "[resourceId('Microsoft.Web/sites', parameters('sites_cinema_bot_App_name'))]"
            ]
        },
        {
            "type": "Microsoft.Web/sites/snapshots",
            "apiVersion": "2015-08-01",
            "name": "[concat(parameters('sites_cinema_bot_App_name'), '/2022-06-30T04_17_15_1382209')]",
            "dependsOn": [
                "[resourceId('Microsoft.Web/sites', parameters('sites_cinema_bot_App_name'))]"
            ]
        },
        {
            "type": "Microsoft.Web/sites/snapshots",
            "apiVersion": "2015-08-01",
            "name": "[concat(parameters('sites_cinema_bot_App_name'), '/2022-06-30T07_17_15_2005780')]",
            "dependsOn": [
                "[resourceId('Microsoft.Web/sites', parameters('sites_cinema_bot_App_name'))]"
            ]
        },
        {
            "type": "Microsoft.Web/sites/snapshots",
            "apiVersion": "2015-08-01",
            "name": "[concat(parameters('sites_cinema_bot_App_name'), '/2022-06-30T10_17_15_3014402')]",
            "dependsOn": [
                "[resourceId('Microsoft.Web/sites', parameters('sites_cinema_bot_App_name'))]"
            ]
        },
        {
            "type": "Microsoft.Web/sites/snapshots",
            "apiVersion": "2015-08-01",
            "name": "[concat(parameters('sites_cinema_bot_App_name'), '/2022-06-30T22_17_15_5374391')]",
            "dependsOn": [
                "[resourceId('Microsoft.Web/sites', parameters('sites_cinema_bot_App_name'))]"
            ]
        },
        {
            "type": "Microsoft.Web/sites/snapshots",
            "apiVersion": "2015-08-01",
            "name": "[concat(parameters('sites_cinema_bot_App_name'), '/2022-07-01T01_17_15_5959132')]",
            "dependsOn": [
                "[resourceId('Microsoft.Web/sites', parameters('sites_cinema_bot_App_name'))]"
            ]
        },
        {
            "type": "Microsoft.Web/sites/snapshots",
            "apiVersion": "2015-08-01",
            "name": "[concat(parameters('sites_cinema_bot_App_name'), '/2022-07-01T04_17_15_7041311')]",
            "dependsOn": [
                "[resourceId('Microsoft.Web/sites', parameters('sites_cinema_bot_App_name'))]"
            ]
        },
        {
            "type": "Microsoft.Web/sites/snapshots",
            "apiVersion": "2015-08-01",
            "name": "[concat(parameters('sites_cinema_bot_App_name'), '/2022-07-01T07_17_15_7176747')]",
            "dependsOn": [
                "[resourceId('Microsoft.Web/sites', parameters('sites_cinema_bot_App_name'))]"
            ]
        },
        {
            "type": "Microsoft.Web/sites/snapshots",
            "apiVersion": "2015-08-01",
            "name": "[concat(parameters('sites_cinema_bot_App_name'), '/2022-07-01T10_17_15_7732960')]",
            "dependsOn": [
                "[resourceId('Microsoft.Web/sites', parameters('sites_cinema_bot_App_name'))]"
            ]
        },
        {
            "type": "Microsoft.Web/sites/snapshots",
            "apiVersion": "2015-08-01",
            "name": "[concat(parameters('sites_cinema_bot_App_name'), '/2022-07-01T22_17_16_0670149')]",
            "dependsOn": [
                "[resourceId('Microsoft.Web/sites', parameters('sites_cinema_bot_App_name'))]"
            ]
        },
        {
            "type": "Microsoft.Web/sites/snapshots",
            "apiVersion": "2015-08-01",
            "name": "[concat(parameters('sites_cinema_bot_App_name'), '/2022-07-02T01_17_16_1313796')]",
            "dependsOn": [
                "[resourceId('Microsoft.Web/sites', parameters('sites_cinema_bot_App_name'))]"
            ]
        },
        {
            "type": "Microsoft.Web/sites/snapshots",
            "apiVersion": "2015-08-01",
            "name": "[concat(parameters('sites_cinema_bot_App_name'), '/2022-07-02T04_17_16_2548968')]",
            "dependsOn": [
                "[resourceId('Microsoft.Web/sites', parameters('sites_cinema_bot_App_name'))]"
            ]
        },
        {
            "type": "Microsoft.Web/sites/snapshots",
            "apiVersion": "2015-08-01",
            "name": "[concat(parameters('sites_cinema_bot_App_name'), '/2022-07-02T07_17_16_2762850')]",
            "dependsOn": [
                "[resourceId('Microsoft.Web/sites', parameters('sites_cinema_bot_App_name'))]"
            ]
        },
        {
            "type": "Microsoft.Web/sites/snapshots",
            "apiVersion": "2015-08-01",
            "name": "[concat(parameters('sites_cinema_bot_App_name'), '/2022-07-02T10_17_16_3379828')]",
            "dependsOn": [
                "[resourceId('Microsoft.Web/sites', parameters('sites_cinema_bot_App_name'))]"
            ]
        },
        {
            "type": "Microsoft.Web/sites/snapshots",
            "apiVersion": "2015-08-01",
            "name": "[concat(parameters('sites_cinema_bot_App_name'), '/2022-07-02T21_17_16_5665906')]",
            "dependsOn": [
                "[resourceId('Microsoft.Web/sites', parameters('sites_cinema_bot_App_name'))]"
            ]
        },
        {
            "type": "Microsoft.Web/sites/snapshots",
            "apiVersion": "2015-08-01",
            "name": "[concat(parameters('sites_cinema_bot_App_name'), '/2022-07-02T22_17_16_5899285')]",
            "dependsOn": [
                "[resourceId('Microsoft.Web/sites', parameters('sites_cinema_bot_App_name'))]"
            ]
        },
        {
            "type": "Microsoft.Web/sites/snapshots",
            "apiVersion": "2015-08-01",
            "name": "[concat(parameters('sites_cinema_bot_App_name'), '/2022-07-02T23_17_17_1690008')]",
            "dependsOn": [
                "[resourceId('Microsoft.Web/sites', parameters('sites_cinema_bot_App_name'))]"
            ]
        },
        {
            "type": "Microsoft.Web/sites/snapshots",
            "apiVersion": "2015-08-01",
            "name": "[concat(parameters('sites_cinema_bot_App_name'), '/2022-07-03T00_17_17_2709062')]",
            "dependsOn": [
                "[resourceId('Microsoft.Web/sites', parameters('sites_cinema_bot_App_name'))]"
            ]
        },
        {
            "type": "Microsoft.Web/sites/snapshots",
            "apiVersion": "2015-08-01",
            "name": "[concat(parameters('sites_cinema_bot_App_name'), '/2022-07-03T01_17_17_2161943')]",
            "dependsOn": [
                "[resourceId('Microsoft.Web/sites', parameters('sites_cinema_bot_App_name'))]"
            ]
        },
        {
            "type": "Microsoft.Web/sites/snapshots",
            "apiVersion": "2015-08-01",
            "name": "[concat(parameters('sites_cinema_bot_App_name'), '/2022-07-03T02_17_17_2196142')]",
            "dependsOn": [
                "[resourceId('Microsoft.Web/sites', parameters('sites_cinema_bot_App_name'))]"
            ]
        },
        {
            "type": "Microsoft.Web/sites/snapshots",
            "apiVersion": "2015-08-01",
            "name": "[concat(parameters('sites_cinema_bot_App_name'), '/2022-07-03T03_17_17_2559454')]",
            "dependsOn": [
                "[resourceId('Microsoft.Web/sites', parameters('sites_cinema_bot_App_name'))]"
            ]
        },
        {
            "type": "Microsoft.Web/sites/snapshots",
            "apiVersion": "2015-08-01",
            "name": "[concat(parameters('sites_cinema_bot_App_name'), '/2022-07-03T04_17_17_2631559')]",
            "dependsOn": [
                "[resourceId('Microsoft.Web/sites', parameters('sites_cinema_bot_App_name'))]"
            ]
        },
        {
            "type": "Microsoft.Web/sites/snapshots",
            "apiVersion": "2015-08-01",
            "name": "[concat(parameters('sites_cinema_bot_App_name'), '/2022-07-03T05_17_17_2697902')]",
            "dependsOn": [
                "[resourceId('Microsoft.Web/sites', parameters('sites_cinema_bot_App_name'))]"
            ]
        },
        {
            "type": "Microsoft.Web/sites/snapshots",
            "apiVersion": "2015-08-01",
            "name": "[concat(parameters('sites_cinema_bot_App_name'), '/2022-07-03T06_17_17_2971551')]",
            "dependsOn": [
                "[resourceId('Microsoft.Web/sites', parameters('sites_cinema_bot_App_name'))]"
            ]
        },
        {
            "type": "Microsoft.Web/sites/snapshots",
            "apiVersion": "2015-08-01",
            "name": "[concat(parameters('sites_cinema_bot_App_name'), '/2022-07-03T07_17_17_3135380')]",
            "dependsOn": [
                "[resourceId('Microsoft.Web/sites', parameters('sites_cinema_bot_App_name'))]"
            ]
        },
        {
            "type": "Microsoft.Web/sites/snapshots",
            "apiVersion": "2015-08-01",
            "name": "[concat(parameters('sites_cinema_bot_App_name'), '/2022-07-03T08_17_17_3389594')]",
            "dependsOn": [
                "[resourceId('Microsoft.Web/sites', parameters('sites_cinema_bot_App_name'))]"
            ]
        },
        {
            "type": "Microsoft.Web/sites/snapshots",
            "apiVersion": "2015-08-01",
            "name": "[concat(parameters('sites_cinema_bot_App_name'), '/2022-07-03T09_17_17_3993066')]",
            "dependsOn": [
                "[resourceId('Microsoft.Web/sites', parameters('sites_cinema_bot_App_name'))]"
            ]
        },
        {
            "type": "Microsoft.Web/sites/snapshots",
            "apiVersion": "2015-08-01",
            "name": "[concat(parameters('sites_cinema_bot_App_name'), '/2022-07-03T10_17_17_3907847')]",
            "dependsOn": [
                "[resourceId('Microsoft.Web/sites', parameters('sites_cinema_bot_App_name'))]"
            ]
        },
        {
            "type": "Microsoft.Web/sites/snapshots",
            "apiVersion": "2015-08-01",
            "name": "[concat(parameters('sites_cinema_bot_App_name'), '/2022-07-03T11_17_17_4131776')]",
            "dependsOn": [
                "[resourceId('Microsoft.Web/sites', parameters('sites_cinema_bot_App_name'))]"
            ]
        },
        {
            "type": "Microsoft.Web/sites/snapshots",
            "apiVersion": "2015-08-01",
            "name": "[concat(parameters('sites_cinema_bot_App_name'), '/2022-07-03T12_17_17_4265652')]",
            "dependsOn": [
                "[resourceId('Microsoft.Web/sites', parameters('sites_cinema_bot_App_name'))]"
            ]
        },
        {
            "type": "Microsoft.Web/sites/snapshots",
            "apiVersion": "2015-08-01",
            "name": "[concat(parameters('sites_cinema_bot_App_name'), '/2022-07-03T13_17_17_4714558')]",
            "dependsOn": [
                "[resourceId('Microsoft.Web/sites', parameters('sites_cinema_bot_App_name'))]"
            ]
        },
        {
            "type": "Microsoft.Web/sites/snapshots",
            "apiVersion": "2015-08-01",
            "name": "[concat(parameters('sites_cinema_bot_App_name'), '/2022-07-03T14_17_17_4749653')]",
            "dependsOn": [
                "[resourceId('Microsoft.Web/sites', parameters('sites_cinema_bot_App_name'))]"
            ]
        },
        {
            "type": "Microsoft.Web/sites/snapshots",
            "apiVersion": "2015-08-01",
            "name": "[concat(parameters('sites_cinema_bot_App_name'), '/2022-07-03T15_17_17_5065023')]",
            "dependsOn": [
                "[resourceId('Microsoft.Web/sites', parameters('sites_cinema_bot_App_name'))]"
            ]
        },
        {
            "type": "Microsoft.Web/sites/snapshots",
            "apiVersion": "2015-08-01",
            "name": "[concat(parameters('sites_cinema_bot_App_name'), '/2022-07-03T16_17_17_5238219')]",
            "dependsOn": [
                "[resourceId('Microsoft.Web/sites', parameters('sites_cinema_bot_App_name'))]"
            ]
        },
        {
            "type": "Microsoft.Web/sites/snapshots",
            "apiVersion": "2015-08-01",
            "name": "[concat(parameters('sites_cinema_bot_App_name'), '/2022-07-03T17_17_17_5911392')]",
            "dependsOn": [
                "[resourceId('Microsoft.Web/sites', parameters('sites_cinema_bot_App_name'))]"
            ]
        },
        {
            "type": "Microsoft.Web/sites/snapshots",
            "apiVersion": "2015-08-01",
            "name": "[concat(parameters('sites_cinema_bot_App_name'), '/2022-07-03T18_17_17_5533379')]",
            "dependsOn": [
                "[resourceId('Microsoft.Web/sites', parameters('sites_cinema_bot_App_name'))]"
            ]
        },
        {
            "type": "Microsoft.Web/sites/snapshots",
            "apiVersion": "2015-08-01",
            "name": "[concat(parameters('sites_cinema_bot_App_name'), '/2022-07-03T19_17_17_5838355')]",
            "dependsOn": [
                "[resourceId('Microsoft.Web/sites', parameters('sites_cinema_bot_App_name'))]"
            ]
        },
        {
            "type": "Microsoft.Web/sites/snapshots",
            "apiVersion": "2015-08-01",
            "name": "[concat(parameters('sites_cinema_bot_App_name'), '/2022-07-03T20_17_17_6061472')]",
            "dependsOn": [
                "[resourceId('Microsoft.Web/sites', parameters('sites_cinema_bot_App_name'))]"
            ]
        },
        {
            "type": "Microsoft.Web/sites/snapshots",
            "apiVersion": "2015-08-01",
            "name": "[concat(parameters('sites_cinema_bot_App_name'), '/2022-07-03T21_17_17_6367099')]",
            "dependsOn": [
                "[resourceId('Microsoft.Web/sites', parameters('sites_cinema_bot_App_name'))]"
            ]
        },
        {
            "type": "Microsoft.Web/sites/snapshots",
            "apiVersion": "2015-08-01",
            "name": "[concat(parameters('sites_cinema_bot_App_name'), '/2022-07-03T22_17_17_6357315')]",
            "dependsOn": [
                "[resourceId('Microsoft.Web/sites', parameters('sites_cinema_bot_App_name'))]"
            ]
        },
        {
            "type": "Microsoft.Web/sites/snapshots",
            "apiVersion": "2015-08-01",
            "name": "[concat(parameters('sites_cinema_bot_App_name'), '/2022-07-03T23_17_17_6703684')]",
            "dependsOn": [
                "[resourceId('Microsoft.Web/sites', parameters('sites_cinema_bot_App_name'))]"
            ]
        },
        {
            "type": "Microsoft.Web/sites/snapshots",
            "apiVersion": "2015-08-01",
            "name": "[concat(parameters('sites_cinema_bot_App_name'), '/2022-07-04T00_17_17_7284217')]",
            "dependsOn": [
                "[resourceId('Microsoft.Web/sites', parameters('sites_cinema_bot_App_name'))]"
            ]
        },
        {
            "type": "Microsoft.Web/sites/snapshots",
            "apiVersion": "2015-08-01",
            "name": "[concat(parameters('sites_cinema_bot_App_name'), '/2022-07-04T01_17_17_7181785')]",
            "dependsOn": [
                "[resourceId('Microsoft.Web/sites', parameters('sites_cinema_bot_App_name'))]"
            ]
        },
        {
            "type": "Microsoft.Web/sites/snapshots",
            "apiVersion": "2015-08-01",
            "name": "[concat(parameters('sites_cinema_bot_App_name'), '/2022-07-04T02_17_17_7310564')]",
            "dependsOn": [
                "[resourceId('Microsoft.Web/sites', parameters('sites_cinema_bot_App_name'))]"
            ]
        },
        {
            "type": "Microsoft.Web/sites/snapshots",
            "apiVersion": "2015-08-01",
            "name": "[concat(parameters('sites_cinema_bot_App_name'), '/2022-07-04T03_17_17_7688942')]",
            "dependsOn": [
                "[resourceId('Microsoft.Web/sites', parameters('sites_cinema_bot_App_name'))]"
            ]
        },
        {
            "type": "Microsoft.Web/sites/snapshots",
            "apiVersion": "2015-08-01",
            "name": "[concat(parameters('sites_cinema_bot_App_name'), '/2022-07-04T04_17_17_7618793')]",
            "dependsOn": [
                "[resourceId('Microsoft.Web/sites', parameters('sites_cinema_bot_App_name'))]"
            ]
        },
        {
            "type": "Microsoft.Web/sites/snapshots",
            "apiVersion": "2015-08-01",
            "name": "[concat(parameters('sites_cinema_bot_App_name'), '/2022-07-04T05_17_17_7876813')]",
            "dependsOn": [
                "[resourceId('Microsoft.Web/sites', parameters('sites_cinema_bot_App_name'))]"
            ]
        },
        {
            "type": "Microsoft.Web/sites/snapshots",
            "apiVersion": "2015-08-01",
            "name": "[concat(parameters('sites_cinema_bot_App_name'), '/2022-07-04T06_17_17_8316040')]",
            "dependsOn": [
                "[resourceId('Microsoft.Web/sites', parameters('sites_cinema_bot_App_name'))]"
            ]
        },
        {
            "type": "Microsoft.Web/sites/snapshots",
            "apiVersion": "2015-08-01",
            "name": "[concat(parameters('sites_cinema_bot_App_name'), '/2022-07-04T07_17_17_8545700')]",
            "dependsOn": [
                "[resourceId('Microsoft.Web/sites', parameters('sites_cinema_bot_App_name'))]"
            ]
        },
        {
            "type": "Microsoft.Web/sites/snapshots",
            "apiVersion": "2015-08-01",
            "name": "[concat(parameters('sites_cinema_bot_App_name'), '/2022-07-04T08_17_17_8753516')]",
            "dependsOn": [
                "[resourceId('Microsoft.Web/sites', parameters('sites_cinema_bot_App_name'))]"
            ]
        },
        {
            "type": "Microsoft.Web/sites/snapshots",
            "apiVersion": "2015-08-01",
            "name": "[concat(parameters('sites_cinema_bot_App_name'), '/2022-07-04T09_17_17_8594140')]",
            "dependsOn": [
                "[resourceId('Microsoft.Web/sites', parameters('sites_cinema_bot_App_name'))]"
            ]
        },
        {
            "type": "Microsoft.Web/sites/snapshots",
            "apiVersion": "2015-08-01",
            "name": "[concat(parameters('sites_cinema_bot_App_name'), '/2022-07-04T10_17_17_9621757')]",
            "dependsOn": [
                "[resourceId('Microsoft.Web/sites', parameters('sites_cinema_bot_App_name'))]"
            ]
        },
        {
            "type": "Microsoft.Web/sites/snapshots",
            "apiVersion": "2015-08-01",
            "name": "[concat(parameters('sites_cinema_bot_App_name'), '/2022-07-04T11_17_17_9173438')]",
            "dependsOn": [
                "[resourceId('Microsoft.Web/sites', parameters('sites_cinema_bot_App_name'))]"
            ]
        },
        {
            "type": "Microsoft.Web/sites/snapshots",
            "apiVersion": "2015-08-01",
            "name": "[concat(parameters('sites_cinema_bot_App_name'), '/2022-07-04T12_17_17_9372248')]",
            "dependsOn": [
                "[resourceId('Microsoft.Web/sites', parameters('sites_cinema_bot_App_name'))]"
            ]
        },
        {
            "type": "Microsoft.Web/sites/snapshots",
            "apiVersion": "2015-08-01",
            "name": "[concat(parameters('sites_cinema_bot_App_name'), '/2022-07-04T13_17_17_9468601')]",
            "dependsOn": [
                "[resourceId('Microsoft.Web/sites', parameters('sites_cinema_bot_App_name'))]"
            ]
        },
        {
            "type": "Microsoft.Web/sites/snapshots",
            "apiVersion": "2015-08-01",
            "name": "[concat(parameters('sites_cinema_bot_App_name'), '/2022-07-04T14_17_17_9727652')]",
            "dependsOn": [
                "[resourceId('Microsoft.Web/sites', parameters('sites_cinema_bot_App_name'))]"
            ]
        },
        {
            "type": "Microsoft.Web/sites/snapshots",
            "apiVersion": "2015-08-01",
            "name": "[concat(parameters('sites_cinema_bot_App_name'), '/2022-07-04T15_17_18_0119826')]",
            "dependsOn": [
                "[resourceId('Microsoft.Web/sites', parameters('sites_cinema_bot_App_name'))]"
            ]
        },
        {
            "type": "Microsoft.Web/sites/snapshots",
            "apiVersion": "2015-08-01",
            "name": "[concat(parameters('sites_cinema_bot_App_name'), '/2022-07-04T16_17_18_0263159')]",
            "dependsOn": [
                "[resourceId('Microsoft.Web/sites', parameters('sites_cinema_bot_App_name'))]"
            ]
        },
        {
            "type": "Microsoft.Web/sites/snapshots",
            "apiVersion": "2015-08-01",
            "name": "[concat(parameters('sites_cinema_bot_App_name'), '/2022-07-04T17_17_18_1544104')]",
            "dependsOn": [
                "[resourceId('Microsoft.Web/sites', parameters('sites_cinema_bot_App_name'))]"
            ]
        },
        {
            "type": "Microsoft.Web/sites/snapshots",
            "apiVersion": "2015-08-01",
            "name": "[concat(parameters('sites_cinema_bot_App_name'), '/2022-07-04T18_17_18_0528132')]",
            "dependsOn": [
                "[resourceId('Microsoft.Web/sites', parameters('sites_cinema_bot_App_name'))]"
            ]
        },
        {
            "type": "Microsoft.Web/sites/snapshots",
            "apiVersion": "2015-08-01",
            "name": "[concat(parameters('sites_cinema_bot_App_name'), '/2022-07-04T19_17_18_0890168')]",
            "dependsOn": [
                "[resourceId('Microsoft.Web/sites', parameters('sites_cinema_bot_App_name'))]"
            ]
        },
        {
            "type": "Microsoft.Web/sites/snapshots",
            "apiVersion": "2015-08-01",
            "name": "[concat(parameters('sites_cinema_bot_App_name'), '/2022-07-04T20_17_18_1095305')]",
            "dependsOn": [
                "[resourceId('Microsoft.Web/sites', parameters('sites_cinema_bot_App_name'))]"
            ]
        },
        {
            "type": "Microsoft.Web/sites/snapshots",
            "apiVersion": "2015-08-01",
            "name": "[concat(parameters('sites_cinema_bot_App_name'), '/2022-07-04T21_17_18_1226797')]",
            "dependsOn": [
                "[resourceId('Microsoft.Web/sites', parameters('sites_cinema_bot_App_name'))]"
            ]
        },
        {
            "type": "Microsoft.Web/sites/snapshots",
            "apiVersion": "2015-08-01",
            "name": "[concat(parameters('sites_cinema_bot_App_name'), '/2022-07-04T22_17_18_1548829')]",
            "dependsOn": [
                "[resourceId('Microsoft.Web/sites', parameters('sites_cinema_bot_App_name'))]"
            ]
        },
        {
            "type": "Microsoft.Web/sites/snapshots",
            "apiVersion": "2015-08-01",
            "name": "[concat(parameters('sites_cinema_bot_App_name'), '/2022-07-04T23_17_18_1850636')]",
            "dependsOn": [
                "[resourceId('Microsoft.Web/sites', parameters('sites_cinema_bot_App_name'))]"
            ]
        },
        {
            "type": "Microsoft.Web/sites/snapshots",
            "apiVersion": "2015-08-01",
            "name": "[concat(parameters('sites_cinema_bot_App_name'), '/2022-07-05T00_17_18_2752130')]",
            "dependsOn": [
                "[resourceId('Microsoft.Web/sites', parameters('sites_cinema_bot_App_name'))]"
            ]
        },
        {
            "type": "Microsoft.Web/sites/snapshots",
            "apiVersion": "2015-08-01",
            "name": "[concat(parameters('sites_cinema_bot_App_name'), '/2022-07-05T01_17_18_2652508')]",
            "dependsOn": [
                "[resourceId('Microsoft.Web/sites', parameters('sites_cinema_bot_App_name'))]"
            ]
        },
        {
            "type": "Microsoft.Web/sites/snapshots",
            "apiVersion": "2015-08-01",
            "name": "[concat(parameters('sites_cinema_bot_App_name'), '/2022-07-05T02_17_18_2589994')]",
            "dependsOn": [
                "[resourceId('Microsoft.Web/sites', parameters('sites_cinema_bot_App_name'))]"
            ]
        },
        {
            "type": "Microsoft.Web/sites/snapshots",
            "apiVersion": "2015-08-01",
            "name": "[concat(parameters('sites_cinema_bot_App_name'), '/2022-07-05T03_17_18_2965693')]",
            "dependsOn": [
                "[resourceId('Microsoft.Web/sites', parameters('sites_cinema_bot_App_name'))]"
            ]
        },
        {
            "type": "Microsoft.Web/sites/snapshots",
            "apiVersion": "2015-08-01",
            "name": "[concat(parameters('sites_cinema_bot_App_name'), '/2022-07-05T04_17_18_3268778')]",
            "dependsOn": [
                "[resourceId('Microsoft.Web/sites', parameters('sites_cinema_bot_App_name'))]"
            ]
        },
        {
            "type": "Microsoft.Web/sites/snapshots",
            "apiVersion": "2015-08-01",
            "name": "[concat(parameters('sites_cinema_bot_App_name'), '/2022-07-05T05_17_18_3241249')]",
            "dependsOn": [
                "[resourceId('Microsoft.Web/sites', parameters('sites_cinema_bot_App_name'))]"
            ]
        },
        {
            "type": "Microsoft.Web/sites/snapshots",
            "apiVersion": "2015-08-01",
            "name": "[concat(parameters('sites_cinema_bot_App_name'), '/2022-07-05T06_17_18_3424662')]",
            "dependsOn": [
                "[resourceId('Microsoft.Web/sites', parameters('sites_cinema_bot_App_name'))]"
            ]
        },
        {
            "type": "Microsoft.Web/sites/snapshots",
            "apiVersion": "2015-08-01",
            "name": "[concat(parameters('sites_cinema_bot_App_name'), '/2022-07-05T07_17_18_3945892')]",
            "dependsOn": [
                "[resourceId('Microsoft.Web/sites', parameters('sites_cinema_bot_App_name'))]"
            ]
        },
        {
            "type": "Microsoft.Web/sites/snapshots",
            "apiVersion": "2015-08-01",
            "name": "[concat(parameters('sites_cinema_bot_App_name'), '/2022-07-05T08_17_18_3975817')]",
            "dependsOn": [
                "[resourceId('Microsoft.Web/sites', parameters('sites_cinema_bot_App_name'))]"
            ]
        },
        {
            "type": "Microsoft.Web/sites/snapshots",
            "apiVersion": "2015-08-01",
            "name": "[concat(parameters('sites_cinema_bot_App_name'), '/2022-07-05T09_17_18_6582315')]",
            "dependsOn": [
                "[resourceId('Microsoft.Web/sites', parameters('sites_cinema_bot_App_name'))]"
            ]
        },
        {
            "type": "Microsoft.Web/sites/snapshots",
            "apiVersion": "2015-08-01",
            "name": "[concat(parameters('sites_cinema_bot_App_name'), '/2022-07-05T10_17_18_6822997')]",
            "dependsOn": [
                "[resourceId('Microsoft.Web/sites', parameters('sites_cinema_bot_App_name'))]"
            ]
        },
        {
            "type": "Microsoft.Web/sites/snapshots",
            "apiVersion": "2015-08-01",
            "name": "[concat(parameters('sites_cinema_bot_App_name'), '/2022-07-05T11_17_18_7049446')]",
            "dependsOn": [
                "[resourceId('Microsoft.Web/sites', parameters('sites_cinema_bot_App_name'))]"
            ]
        },
        {
            "type": "Microsoft.Web/sites/snapshots",
            "apiVersion": "2015-08-01",
            "name": "[concat(parameters('sites_cinema_bot_App_name'), '/2022-07-05T12_17_18_7553535')]",
            "dependsOn": [
                "[resourceId('Microsoft.Web/sites', parameters('sites_cinema_bot_App_name'))]"
            ]
        },
        {
            "type": "Microsoft.Web/sites/snapshots",
            "apiVersion": "2015-08-01",
            "name": "[concat(parameters('sites_cinema_bot_App_name'), '/2022-07-05T13_17_18_7814262')]",
            "dependsOn": [
                "[resourceId('Microsoft.Web/sites', parameters('sites_cinema_bot_App_name'))]"
            ]
        },
        {
            "type": "Microsoft.Web/sites/snapshots",
            "apiVersion": "2015-08-01",
            "name": "[concat(parameters('sites_cinema_bot_App_name'), '/2022-07-05T14_17_18_7730686')]",
            "dependsOn": [
                "[resourceId('Microsoft.Web/sites', parameters('sites_cinema_bot_App_name'))]"
            ]
        },
        {
            "type": "Microsoft.Web/sites/snapshots",
            "apiVersion": "2015-08-01",
            "name": "[concat(parameters('sites_cinema_bot_App_name'), '/2022-07-05T15_17_18_7764185')]",
            "dependsOn": [
                "[resourceId('Microsoft.Web/sites', parameters('sites_cinema_bot_App_name'))]"
            ]
        },
        {
            "type": "Microsoft.Web/sites/snapshots",
            "apiVersion": "2015-08-01",
            "name": "[concat(parameters('sites_cinema_bot_App_name'), '/2022-07-05T16_17_18_8025434')]",
            "dependsOn": [
                "[resourceId('Microsoft.Web/sites', parameters('sites_cinema_bot_App_name'))]"
            ]
        },
        {
            "type": "Microsoft.Web/sites/snapshots",
            "apiVersion": "2015-08-01",
            "name": "[concat(parameters('sites_cinema_bot_App_name'), '/2022-07-05T17_17_18_8462267')]",
            "dependsOn": [
                "[resourceId('Microsoft.Web/sites', parameters('sites_cinema_bot_App_name'))]"
            ]
        },
        {
            "type": "Microsoft.Web/sites/snapshots",
            "apiVersion": "2015-08-01",
            "name": "[concat(parameters('sites_cinema_bot_App_name'), '/2022-07-05T18_17_18_8404569')]",
            "dependsOn": [
                "[resourceId('Microsoft.Web/sites', parameters('sites_cinema_bot_App_name'))]"
            ]
        },
        {
            "type": "Microsoft.Web/sites/snapshots",
            "apiVersion": "2015-08-01",
            "name": "[concat(parameters('sites_cinema_bot_App_name'), '/2022-07-05T19_17_18_9367921')]",
            "dependsOn": [
                "[resourceId('Microsoft.Web/sites', parameters('sites_cinema_bot_App_name'))]"
            ]
        },
        {
            "type": "Microsoft.Web/sites/snapshots",
            "apiVersion": "2015-08-01",
            "name": "[concat(parameters('sites_cinema_bot_App_name'), '/2022-07-05T20_17_18_8856016')]",
            "dependsOn": [
                "[resourceId('Microsoft.Web/sites', parameters('sites_cinema_bot_App_name'))]"
            ]
        },
        {
            "type": "Microsoft.Web/sites/snapshots",
            "apiVersion": "2015-08-01",
            "name": "[concat(parameters('sites_cinema_bot_App_name'), '/2022-07-05T21_17_18_9193564')]",
            "dependsOn": [
                "[resourceId('Microsoft.Web/sites', parameters('sites_cinema_bot_App_name'))]"
            ]
        },
        {
            "type": "Microsoft.Web/sites/snapshots",
            "apiVersion": "2015-08-01",
            "name": "[concat(parameters('sites_cinema_bot_App_name'), '/2022-07-05T22_17_19_4585802')]",
            "dependsOn": [
                "[resourceId('Microsoft.Web/sites', parameters('sites_cinema_bot_App_name'))]"
            ]
        },
        {
            "type": "Microsoft.Web/sites/snapshots",
            "apiVersion": "2015-08-01",
            "name": "[concat(parameters('sites_cinema_bot_App_name'), '/2022-07-05T23_17_19_4670488')]",
            "dependsOn": [
                "[resourceId('Microsoft.Web/sites', parameters('sites_cinema_bot_App_name'))]"
            ]
        },
        {
            "type": "Microsoft.Web/sites/snapshots",
            "apiVersion": "2015-08-01",
            "name": "[concat(parameters('sites_cinema_bot_App_name'), '/2022-07-06T00_17_19_4829078')]",
            "dependsOn": [
                "[resourceId('Microsoft.Web/sites', parameters('sites_cinema_bot_App_name'))]"
            ]
        },
        {
            "type": "Microsoft.Web/sites/snapshots",
            "apiVersion": "2015-08-01",
            "name": "[concat(parameters('sites_cinema_bot_App_name'), '/2022-07-06T01_17_19_4985387')]",
            "dependsOn": [
                "[resourceId('Microsoft.Web/sites', parameters('sites_cinema_bot_App_name'))]"
            ]
        },
        {
            "type": "Microsoft.Web/sites/snapshots",
            "apiVersion": "2015-08-01",
            "name": "[concat(parameters('sites_cinema_bot_App_name'), '/2022-07-06T02_17_19_5154740')]",
            "dependsOn": [
                "[resourceId('Microsoft.Web/sites', parameters('sites_cinema_bot_App_name'))]"
            ]
        },
        {
            "type": "Microsoft.Web/sites/snapshots",
            "apiVersion": "2015-08-01",
            "name": "[concat(parameters('sites_cinema_bot_App_name'), '/2022-07-06T03_17_19_5484855')]",
            "dependsOn": [
                "[resourceId('Microsoft.Web/sites', parameters('sites_cinema_bot_App_name'))]"
            ]
        },
        {
            "type": "Microsoft.Web/sites/snapshots",
            "apiVersion": "2015-08-01",
            "name": "[concat(parameters('sites_cinema_bot_App_name'), '/2022-07-06T04_17_19_5590337')]",
            "dependsOn": [
                "[resourceId('Microsoft.Web/sites', parameters('sites_cinema_bot_App_name'))]"
            ]
        },
        {
            "type": "Microsoft.Web/sites/snapshots",
            "apiVersion": "2015-08-01",
            "name": "[concat(parameters('sites_cinema_bot_App_name'), '/2022-07-06T05_17_19_5939386')]",
            "dependsOn": [
                "[resourceId('Microsoft.Web/sites', parameters('sites_cinema_bot_App_name'))]"
            ]
        },
        {
            "type": "Microsoft.Web/sites/snapshots",
            "apiVersion": "2015-08-01",
            "name": "[concat(parameters('sites_cinema_bot_App_name'), '/2022-07-06T06_17_19_6236375')]",
            "dependsOn": [
                "[resourceId('Microsoft.Web/sites', parameters('sites_cinema_bot_App_name'))]"
            ]
        },
        {
            "type": "Microsoft.Web/sites/snapshots",
            "apiVersion": "2015-08-01",
            "name": "[concat(parameters('sites_cinema_bot_App_name'), '/2022-07-06T07_17_19_6489871')]",
            "dependsOn": [
                "[resourceId('Microsoft.Web/sites', parameters('sites_cinema_bot_App_name'))]"
            ]
        },
        {
            "type": "Microsoft.Web/sites/snapshots",
            "apiVersion": "2015-08-01",
            "name": "[concat(parameters('sites_cinema_bot_App_name'), '/2022-07-06T08_17_19_6678411')]",
            "dependsOn": [
                "[resourceId('Microsoft.Web/sites', parameters('sites_cinema_bot_App_name'))]"
            ]
        },
        {
            "type": "Microsoft.Web/sites/snapshots",
            "apiVersion": "2015-08-01",
            "name": "[concat(parameters('sites_cinema_bot_App_name'), '/2022-07-06T09_17_19_7186399')]",
            "dependsOn": [
                "[resourceId('Microsoft.Web/sites', parameters('sites_cinema_bot_App_name'))]"
            ]
        },
        {
            "type": "Microsoft.Web/sites/snapshots",
            "apiVersion": "2015-08-01",
            "name": "[concat(parameters('sites_cinema_bot_App_name'), '/2022-07-06T10_17_19_7215688')]",
            "dependsOn": [
                "[resourceId('Microsoft.Web/sites', parameters('sites_cinema_bot_App_name'))]"
            ]
        },
        {
            "type": "Microsoft.Web/sites/snapshots",
            "apiVersion": "2015-08-01",
            "name": "[concat(parameters('sites_cinema_bot_App_name'), '/2022-07-06T11_17_19_7531009')]",
            "dependsOn": [
                "[resourceId('Microsoft.Web/sites', parameters('sites_cinema_bot_App_name'))]"
            ]
        },
        {
            "type": "Microsoft.Web/sites/snapshots",
            "apiVersion": "2015-08-01",
            "name": "[concat(parameters('sites_cinema_bot_App_name'), '/2022-07-06T12_17_19_7804136')]",
            "dependsOn": [
                "[resourceId('Microsoft.Web/sites', parameters('sites_cinema_bot_App_name'))]"
            ]
        },
        {
            "type": "Microsoft.Web/sites/snapshots",
            "apiVersion": "2015-08-01",
            "name": "[concat(parameters('sites_cinema_bot_App_name'), '/2022-07-06T13_17_19_8237536')]",
            "dependsOn": [
                "[resourceId('Microsoft.Web/sites', parameters('sites_cinema_bot_App_name'))]"
            ]
        },
        {
            "type": "Microsoft.Web/sites/snapshots",
            "apiVersion": "2015-08-01",
            "name": "[concat(parameters('sites_cinema_bot_App_name'), '/2022-07-06T14_17_19_8243384')]",
            "dependsOn": [
                "[resourceId('Microsoft.Web/sites', parameters('sites_cinema_bot_App_name'))]"
            ]
        },
        {
            "type": "Microsoft.Web/sites/snapshots",
            "apiVersion": "2015-08-01",
            "name": "[concat(parameters('sites_cinema_bot_App_name'), '/2022-07-06T15_17_19_8605407')]",
            "dependsOn": [
                "[resourceId('Microsoft.Web/sites', parameters('sites_cinema_bot_App_name'))]"
            ]
        },
        {
            "type": "Microsoft.Web/sites/snapshots",
            "apiVersion": "2015-08-01",
            "name": "[concat(parameters('sites_cinema_bot_App_name'), '/2022-07-06T16_17_19_8698897')]",
            "dependsOn": [
                "[resourceId('Microsoft.Web/sites', parameters('sites_cinema_bot_App_name'))]"
            ]
        },
        {
            "type": "Microsoft.Web/sites/snapshots",
            "apiVersion": "2015-08-01",
            "name": "[concat(parameters('sites_cinema_bot_App_name'), '/2022-07-06T17_17_19_9506776')]",
            "dependsOn": [
                "[resourceId('Microsoft.Web/sites', parameters('sites_cinema_bot_App_name'))]"
            ]
        },
        {
            "type": "Microsoft.Web/sites/snapshots",
            "apiVersion": "2015-08-01",
            "name": "[concat(parameters('sites_cinema_bot_App_name'), '/2022-07-06T18_17_19_9997051')]",
            "dependsOn": [
                "[resourceId('Microsoft.Web/sites', parameters('sites_cinema_bot_App_name'))]"
            ]
        },
        {
            "type": "Microsoft.Web/sites/snapshots",
            "apiVersion": "2015-08-01",
            "name": "[concat(parameters('sites_cinema_bot_App_name'), '/2022-07-06T19_17_19_9687935')]",
            "dependsOn": [
                "[resourceId('Microsoft.Web/sites', parameters('sites_cinema_bot_App_name'))]"
            ]
        },
        {
            "type": "Microsoft.Web/sites/snapshots",
            "apiVersion": "2015-08-01",
            "name": "[concat(parameters('sites_cinema_bot_App_name'), '/2022-07-06T20_17_19_9738554')]",
            "dependsOn": [
                "[resourceId('Microsoft.Web/sites', parameters('sites_cinema_bot_App_name'))]"
            ]
        },
        {
            "type": "Microsoft.Web/sites/snapshots",
            "apiVersion": "2015-08-01",
            "name": "[concat(parameters('sites_cinema_bot_App_name'), '/2022-07-06T21_17_20_0262498')]",
            "dependsOn": [
                "[resourceId('Microsoft.Web/sites', parameters('sites_cinema_bot_App_name'))]"
            ]
        },
        {
            "type": "Microsoft.Web/sites/snapshots",
            "apiVersion": "2015-08-01",
            "name": "[concat(parameters('sites_cinema_bot_App_name'), '/2022-07-06T22_17_20_0297076')]",
            "dependsOn": [
                "[resourceId('Microsoft.Web/sites', parameters('sites_cinema_bot_App_name'))]"
            ]
        }
    ]
}